Description,0,1,2,3
ASSORTED COLOUR BIRD ORNAMENT,6916.0,23394.0,,
ASSORTED COLOURS SILK FAN,,,2732.0,
FAIRY CAKE FLANNEL ASSORTED COLOUR,,,,7065.0
JUMBO BAG RED RETROSPOT,4794.0,35077.0,2703.0,
MEDIUM CERAMIC TOP STORAGE JAR,,,74791.0,
PACK OF 12 LONDON TISSUES ,,,,5844.0
PACK OF 72 RETROSPOT CAKE CASES,5869.0,,,5820.0
"PAPER CRAFT , LITTLE BIRDIE",,80995.0,,
POPCORN HOLDER,,25469.0,,
SMALL CHINESE STYLE SCISSOR,,,,11561.0
SMALL POPCORN HOLDER,,,4531.0,
WHITE HANGING HEART T-LIGHT HOLDER,5879.0,,,6848.0
WORLD WAR 2 GLIDERS ASSTD DESIGNS,9688.0,35114.0,5964.0,
